id,first_name,last_name,email,gender,ip_address,avatar
1,Roberto,Levermore,rlevermore0@hud.gov,Male,189.41.229.132,https://robohash.org/ipsamquiaeos.jpg?size=50x50&set=set1
2,Correna,McAtamney,cmcatamney1@typepad.com,Female,4.235.40.131,https://robohash.org/ineumhic.jpg?size=50x50&set=set1
3,Willi,Seilmann,wseilmann2@networkadvertising.org,Male,184.140.178.146,https://robohash.org/eiusnihilat.jpg?size=50x50&set=set1
4,Rockey,Crannage,rcrannage3@amazonaws.com,Male,205.74.131.240,https://robohash.org/voluptatemvoluptasdeserunt.jpg?size=50x50&set=set1
5,Omero,Barti,obarti4@barnesandnoble.com,Male,139.14.159.31,https://robohash.org/ateaquo.jpg?size=50x50&set=set1
6,Georgeanna,Longhorne,glonghorne5@ucsd.edu,Female,71.192.102.203,https://robohash.org/autfugiattotam.jpg?size=50x50&set=set1
7,Brod,Klyn,bklyn6@devhub.com,Male,152.128.97.15,https://robohash.org/dignissimosinoptio.jpg?size=50x50&set=set1
8,Alvira,Loxly,aloxly7@ucsd.edu,Female,66.63.168.140,https://robohash.org/abmagniincidunt.jpg?size=50x50&set=set1
9,Randi,Dearman,rdearman8@opensource.org,Female,180.57.224.89,https://robohash.org/corruptisitqui.jpg?size=50x50&set=set1
10,Lucita,Hedin,lhedin9@zdnet.com,Female,208.76.183.197,https://robohash.org/quisquamquianon.jpg?size=50x50&set=set1
11,Felizio,Schoffel,fschoffela@globo.com,Male,106.169.150.53,https://robohash.org/sequivoluptatesdistinctio.jpg?size=50x50&set=set1
12,Fabe,McCambridge,fmccambridgeb@github.com,Male,16.51.242.207,https://robohash.org/suntperspiciatisquia.jpg?size=50x50&set=set1
13,Constance,Haggus,chaggusc@geocities.jp,Female,179.152.237.197,https://robohash.org/illuminlaudantium.jpg?size=50x50&set=set1
14,Judy,Catto,jcattod@dedecms.com,Female,99.220.116.59,https://robohash.org/consequaturquibusdammaxime.jpg?size=50x50&set=set1
15,Josie,Scading,jscadinge@economist.com,Female,166.235.234.50,https://robohash.org/nonexplicaboest.jpg?size=50x50&set=set1
16,Duke,Earney,dearneyf@ucsd.edu,Male,87.220.121.174,https://robohash.org/etaperiamvoluptatum.jpg?size=50x50&set=set1
17,Trisha,O'Corren,tocorreng@t-online.de,Female,89.27.19.84,https://robohash.org/necessitatibusharumvoluptas.jpg?size=50x50&set=set1
18,Claus,Byram,cbyramh@gov.uk,Male,237.134.128.11,https://robohash.org/magnamperferendisautem.jpg?size=50x50&set=set1
19,Yuri,Calderwood,ycalderwoodi@studiopress.com,Male,121.141.200.233,https://robohash.org/estveniamrecusandae.jpg?size=50x50&set=set1
20,Willis,Strevens,wstrevensj@sina.com.cn,Male,19.166.117.41,https://robohash.org/adpraesentiumimpedit.jpg?size=50x50&set=set1
21,Shanie,Yearns,syearnsk@clickbank.net,Female,81.205.154.79,https://robohash.org/illonequemaxime.jpg?size=50x50&set=set1
22,Audi,Barns,abarnsl@vistaprint.com,Female,85.94.231.220,https://robohash.org/repellendusfacilisquod.jpg?size=50x50&set=set1
23,Lydie,Hatherleigh,lhatherleighm@symantec.com,Female,1.19.13.17,https://robohash.org/eaaliquidet.jpg?size=50x50&set=set1
24,Jaquenetta,Ridewood,jridewoodn@oakley.com,Female,205.48.191.5,https://robohash.org/aquiut.jpg?size=50x50&set=set1
25,Helge,Mattsson,hmattssono@de.vu,Female,13.0.123.167,https://robohash.org/aliquameumconsequatur.jpg?size=50x50&set=set1
26,Millicent,Madoc-Jones,mmadocjonesp@typepad.com,Female,124.125.19.40,https://robohash.org/fugitodiodicta.jpg?size=50x50&set=set1
27,Marmaduke,Tutchell,mtutchellq@nps.gov,Male,71.46.39.240,https://robohash.org/quaeratsaepeet.jpg?size=50x50&set=set1
28,Donnie,Monckton,dmoncktonr@gmpg.org,Male,215.75.71.120,https://robohash.org/autadcommodi.jpg?size=50x50&set=set1
29,Nelli,Canty,ncantys@rambler.ru,Female,14.139.105.166,https://robohash.org/necessitatibusveniamculpa.jpg?size=50x50&set=set1
30,Ansel,Physick,aphysickt@marriott.com,Male,106.230.41.112,https://robohash.org/possimusexrerum.jpg?size=50x50&set=set1